recalling_firm_normalized,recall_count,unique_event_count,class_i_count,class_i_pct,first_report_date,latest_report_date,median_reporting_lag_days,active_year_count
CENTRAL ADMIXTURE PHARMACY SERVICES INC,308,7,1,0.32,2023-05-31,2026-07-01,26.0,3
CARDINAL HEALTH INC,213,7,7,3.29,2021-04-07,2025-09-03,79.0,4
MCKESSON MEDICAL SURGICAL INC CORPORATE OFFICE,157,7,0,0.0,2022-06-15,2025-07-30,63.0,3
AKORN INC,132,18,0,0.0,2021-01-20,2023-06-07,42.0,3
VITA PHARMACY LLC DBA TALON COMPOUNDING PHARMACY,130,1,0,0.0,2021-11-17,2021-11-17,36.0,1
GLENMARK PHARMACEUTICALS INC USA,123,43,2,1.63,2021-09-29,2026-06-24,33.0,6
FAMILY DOLLAR STORES LLC,117,4,0,0.0,2022-06-08,2023-05-10,69.0,2
OLYMPIA COMPOUNDING PHARMACY DBA OLYMPIA PHARMACY,94,3,0,0.0,2022-03-30,2022-06-01,23.0,1
SUN PHARMACEUTICAL INDUSTRIES INC,93,63,1,1.08,2021-02-03,2026-07-08,21.0,6
ACCORD HEALTHCARE INC,92,14,1,1.09,2021-02-17,2026-07-08,29.0,5
PERRIGO COMPANY PLC,81,2,0,0.0,2022-01-12,2022-03-02,127.0,1
NEPHRON STERILE COMPOUNDING CENTER LLC,73,7,0,0.0,2022-06-08,2025-03-19,27.0,3
DR REDDY S LABORATORIES INC,70,39,3,4.29,2021-03-03,2025-12-17,28.0,5
ULTRA SEAL CORPORATION,64,2,0,0.0,2021-11-03,2022-02-09,16.0,2
EDGE PHARMA LLC,61,6,0,0.0,2021-01-20,2022-02-02,58.0,2
TEVA PHARMACEUTICALS USA,60,16,1,1.67,2021-03-03,2022-02-09,27.0,2
WASHINGTON HOMEOPATHIC PRODUCTS INC,60,4,0,0.0,2021-04-14,2024-07-31,47.0,3
PHARMACY INNOVATIONS,59,1,0,0.0,2023-02-01,2023-02-01,41.0,1
TELIGENT PHARMA INC,59,15,3,5.08,2021-04-21,2022-03-30,15.0,2
GENOGENIX LLC,57,1,1,1.75,2025-10-15,2025-10-15,77.0,1
LUPIN PHARMACEUTICALS INC,54,40,1,1.85,2021-02-10,2026-07-08,28.0,6
SENTARA INFUSION SERVICES,53,1,0,0.0,2023-02-22,2023-02-22,57.0,1
ASTRAL STERITECH PRIVATE LTD,52,1,0,0.0,2023-05-24,2023-05-24,9.0,1
TMC ACQUISITION LLC DBA TAILOR MADE COMPOUNDING,52,1,0,0.0,2022-07-20,2022-07-20,135.0,1
TEVA PHARMACEUTICALS USA INC,50,34,2,4.0,2022-04-20,2026-05-13,27.0,5
ZYDUS PHARMACEUTICALS USA INC,49,27,2,4.08,2021-04-07,2026-05-27,20.0,6
AMERISOURCE HEALTH SERVICES LLC,46,31,1,2.17,2022-08-24,2026-05-27,27.5,5
CARDINAL HEALTHCARE,42,1,0,0.0,2024-01-03,2024-01-03,707.0,1
PFIZER INC,41,19,11,26.83,2021-05-26,2025-08-27,33.0,5
FIRST ROYAL CARE CO LLC DBA RED MOUNTAIN COMPOUNDING PHARMACY,40,1,0,0.0,2021-11-03,2021-11-03,82.0,1
PREFERRED PHARMACEUTICALS INC,38,19,0,0.0,2021-05-05,2026-04-15,20.0,6
SCA PHARMACEUTICALS,38,5,0,0.0,2021-01-13,2023-08-02,27.0,3
ASCEND LABORATORIES LLC,37,26,0,0.0,2021-01-06,2026-07-29,27.0,6
STERRX LLC,35,4,1,2.86,2021-09-01,2023-07-26,54.0,3
CAREFUSION 213 LLC,34,11,12,35.29,2021-03-03,2026-07-22,33.0,4
REMEDYREPACK INC,34,18,0,0.0,2021-09-01,2025-05-14,23.0,5
ULTRATAB LABORATORIES INC,34,2,0,0.0,2022-01-12,2022-02-16,21.0,1
PHARMACY PLUS INC DBA VITAL CARE COMPOUNDER,33,2,0,0.0,2022-11-09,2023-04-26,33.0,2
DIRECT RX,32,16,0,0.0,2021-03-24,2026-07-01,23.0,6
SCA PHARMACEUTICALS LLC,32,1,0,0.0,2024-04-03,2024-04-03,146.0,1
BRECKENRIDGE PHARMACEUTICAL INC,30,17,0,0.0,2021-03-24,2026-06-17,19.0,5
FRESENIUS KABI USA LLC,29,10,3,10.34,2021-01-06,2026-07-29,35.0,5
GOLD STAR DISTRIBUTION INC,27,1,0,0.0,2026-01-21,2026-01-21,26.0,1
F H INVESTMENTS INC DBA ASTERIA HEALTH,25,1,0,0.0,2026-02-18,2026-02-18,23.0,1
NORTHERN VA COMPOUNDERS PLLC,25,1,0,0.0,2023-01-18,2023-01-18,19.0,1
B BRAUN MEDICAL INC,24,17,4,16.67,2022-03-23,2026-05-13,19.0,5
GOLDEN STATE MEDICAL SUPPLY INC,24,16,1,4.17,2021-03-31,2026-06-17,27.0,6
PLASTIKON HEALTHCARE LLC,24,2,6,25.0,2022-05-25,2022-09-14,99.0,1
THE HARVARD DRUG GROUP LLC DBA MAJOR PHARMACEUTICALS AND RUGBY LABORATORIES,24,15,4,16.67,2023-06-28,2025-10-15,28.5,3
CIPLA USA INC,23,13,1,4.35,2023-07-19,2026-07-08,33.0,4
GUARDIAN DRUG CO INC,23,1,0,0.0,2026-06-10,2026-06-10,13.0,1
VIATRIS INC,23,11,1,4.35,2022-05-11,2026-04-15,30.0,5
ACME UNITED CORPORATION,22,2,0,0.0,2025-11-05,2026-03-11,50.0,2
DENVER SOLUTIONS LLC DBA LEITERS HEALTH,22,6,6,27.27,2021-12-29,2025-04-30,30.0,4
DERMARITE INDUSTRIES LLC,22,2,4,18.18,2025-09-10,2025-11-26,91.0,1
KILITCH HEALTHCARE INDIA LIMITED,22,1,22,100.0,2024-02-14,2024-02-14,93.0,1
APOTEX CORP,21,14,2,9.52,2021-02-17,2026-04-22,21.0,6
IMPRIMIS NJOF LLC,21,14,0,0.0,2021-01-06,2026-01-14,22.0,5
AUROBINDO PHARMA USA INC,20,16,1,5.0,2021-03-10,2025-06-25,34.0,5
AVKARE,20,14,1,5.0,2024-04-24,2026-03-04,22.5,3
BAYER HEALTHCARE PHARMACEUTICALS INC,20,2,9,45.0,2021-11-24,2023-12-06,54.0,2
CAROLINA INFUSION,20,1,0,0.0,2022-09-21,2022-09-21,26.0,1
JOHNSON JOHNSON CONSUMER INC,20,1,2,10.0,2021-10-06,2021-10-06,84.0,1
KENIL HEALTHCARE PRIVATE LIMITED,20,1,0,0.0,2025-05-28,2025-05-28,34.0,1
KEYSTONE INDUSTRIES,20,3,0,0.0,2024-11-20,2026-06-24,41.0,2
THE PROCTER GAMBLE COMPANY,20,2,7,35.0,2022-08-03,2024-01-24,792.0,2
VI JON LLC,20,7,12,60.0,2022-06-08,2023-09-27,68.0,2
MACLEODS PHARMA USA INC,19,12,0,0.0,2021-04-21,2026-04-01,26.0,5
PINE PHARMACEUTICALS LLC,19,4,0,0.0,2022-09-21,2023-10-25,23.0,2
SCENTSATIONAL SOAPS CANDLES INC,19,1,19,100.0,2021-07-28,2021-07-28,92.0,1
NOVEN PHARMACEUTICALS INC,18,9,0,0.0,2021-03-10,2024-11-27,19.0,4
AMMAN PHARMACEUTICAL INDUSTRIES,17,1,0,0.0,2023-09-27,2023-09-27,26.0,1
APOLLO CARE LLC,17,2,0,0.0,2023-05-24,2025-05-14,22.0,2
EUGIA US LLC,17,15,1,5.88,2023-01-11,2026-06-10,23.0,4
FRESENIUS MEDICAL CARE HOLDINGS INC,16,8,0,0.0,2021-06-16,2026-05-13,43.0,6
FARMAKEIO OUTSOURCING LLC,15,1,0,0.0,2025-11-05,2025-11-05,22.0,1
FRESENIUS KABI COMPOUNDING LLC,15,2,0,0.0,2024-10-30,2026-02-18,35.0,2
IBSA PHARMA INC,15,1,0,0.0,2023-03-01,2023-03-01,30.0,1
NOVO NORDISK INC,15,2,10,66.67,2021-04-21,2026-01-07,30.0,2
XIAMEN KANG ZHONGYUAN BIOTECHNOLOGY CO LTD,15,1,0,0.0,2026-04-22,2026-04-22,33.0,1
BAXTER HEALTHCARE CORPORATION,14,12,1,7.14,2022-08-24,2026-02-04,29.5,5
CA BOTANA INTERNATIONAL INC,14,1,0,0.0,2025-12-03,2025-12-03,54.0,1
DABUR INDIA LIMITED,14,1,0,0.0,2026-06-24,2026-06-24,22.0,1
ECOMETICS INC,14,2,0,0.0,2023-03-15,2023-08-30,20.0,1
MED SHOP TOTAL CARE INC,14,1,14,100.0,2021-08-18,2021-08-18,317.0,1
PRORX LLC,14,2,0,0.0,2024-09-11,2025-11-05,20.5,2
SAFECOR HEALTH LLC,14,6,0,0.0,2023-11-08,2026-05-27,23.0,4
THRIVE HEALTH AND WELLNESS LLC DBA THRIVE HEALTH SOLUTIONS COLORADO,14,1,0,0.0,2025-07-02,2025-07-02,42.0,1
AEQUITA PHARMACY,13,1,0,0.0,2025-08-13,2025-08-13,26.0,1
BLOSSOM PHARMACEUTICALS,13,1,0,0.0,2025-12-10,2025-12-10,40.0,1
HOMEOCARE LABORATORIES INC,13,2,1,7.69,2023-07-05,2024-07-24,30.0,2
L PERRIGO COMPANY,13,1,0,0.0,2023-07-19,2023-07-19,160.0,1
RISING PHARMA HOLDING INC,13,9,0,0.0,2024-01-17,2026-07-29,19.0,3
FAMILY PHARMACY OF STATESVILLE,12,1,0,0.0,2022-03-23,2022-03-23,594.0,1
MAJOR PHARMACEUTICALS,12,1,0,0.0,2026-07-29,2026-07-29,16.0,1
STRIDES PHARMA INC,12,9,0,0.0,2021-01-06,2026-03-25,23.0,6
ACELLA PHARMACEUTICALS LLC,11,6,5,45.45,2021-06-02,2026-05-13,23.0,5
AKRON PHARMA INC,11,4,0,0.0,2022-08-24,2025-01-22,41.0,4
AMNEAL PHARMACEUTICALS LLC,11,7,3,27.27,2024-08-14,2026-06-17,23.0,3
AMNEAL PHARMACEUTICALS OF NEW YORK LLC,11,10,1,9.09,2021-11-24,2024-05-08,23.0,4
ARG LABORATORIES INC,11,1,0,0.0,2024-06-05,2024-06-05,49.0,1
BELL PHARMACEUTICALS INC,11,1,0,0.0,2026-07-22,2026-07-22,27.0,1
ENDO USA INC,11,5,5,45.45,2025-01-15,2026-05-20,54.0,2
FDC LIMITED,11,11,0,0.0,2024-05-15,2025-08-06,20.0,2
HIKMA PHARMACEUTICALS USA INC,11,8,1,9.09,2021-09-01,2026-05-06,29.0,6
PYRAMIDS WHOLESALE INC,11,1,11,100.0,2024-05-01,2024-05-01,43.0,1
UNEXO LIFE SCIENCES PRIVATE LIMITED,11,1,0,0.0,2024-12-04,2024-12-04,41.0,1
CIPLA,10,7,0,0.0,2021-01-06,2022-10-12,20.0,2
DUPONT NUTRITION USA INC,10,4,1,10.0,2021-08-25,2023-05-03,26.5,2
EXELA PHARMA SCIENCES LLC,10,6,7,70.0,2022-01-19,2025-09-17,29.0,3
FAGRON COMPOUNDING SERVICES,10,6,0,0.0,2023-12-06,2026-04-15,26.0,4
FAGRON INC,10,3,1,10.0,2022-05-18,2023-12-27,75.0,2
GFA PRODUCTION XIAMEN CO LTD,10,1,10,100.0,2023-02-08,2023-02-08,47.0,1
GRANULES PHARMACEUTICALS INC,10,6,0,0.0,2024-08-14,2026-02-11,31.0,3
K C PHARMACEUTICALS INC,10,2,0,0.0,2023-07-19,2026-04-08,36.0,2
LANNETT COMPANY INC,10,9,0,0.0,2022-02-23,2026-07-08,26.0,5
MEDLINE INDUSTRIES LP NORTHFIELD,10,4,0,0.0,2023-11-15,2025-09-03,58.0,3
OPTIKEM INTERNATIONAL INC,10,1,0,0.0,2024-03-20,2024-03-20,20.0,1
PD RX PHARMACEUTICALS INC,10,4,0,0.0,2021-05-05,2025-01-01,34.0,4
PROFESSIONAL DISPOSABLES INTERNATIONAL INC,10,2,0,0.0,2021-09-01,2022-03-02,40.0,2
BLAINE LABS INC,9,2,2,22.22,2022-03-30,2026-07-08,91.0,2
THE HARVARD DRUG GROUP,9,9,0,0.0,2021-07-21,2023-07-05,23.0,3
AMERICAN HEALTH PACKAGING,8,8,0,0.0,2021-01-27,2022-05-25,22.0,2
AMERICAN REGENT INC,8,5,0,0.0,2024-05-29,2026-05-06,19.5,3
AMGEN INC,8,3,0,0.0,2022-05-18,2026-07-01,27.0,3
BEIERSDORF INC,8,1,5,62.5,2021-10-27,2021-10-27,27.0,1
BRYANT RANCH PREPACK INC,8,3,2,25.0,2022-07-20,2024-06-12,33.0,3
DENISON PHARMACEUTICALS LLC,8,4,0,0.0,2023-06-07,2025-03-19,35.0,3
DRUG DEPOT INC DBA APS PHARMACY,8,1,0,0.0,2022-04-06,2022-04-06,14.0,1
HERITAGE PHARMACEUTICALS INC,8,3,0,0.0,2021-05-12,2025-11-05,30.0,3
INTEGRADOSE COMPOUNDING SERVICES LLC,8,7,1,12.5,2021-10-06,2026-06-24,19.0,4
JUBILANT CADISTA PHARMACEUTICALS INC,8,7,1,12.5,2021-03-10,2023-01-11,17.5,3
LITTLE MOON ESSENTIALS LLC,8,1,0,0.0,2024-07-10,2024-07-10,20.0,1
MIDLAB INCORPORATED,8,2,0,0.0,2022-08-31,2024-12-11,35.0,2
MYLAN INSTITUTIONAL INC,8,2,0,0.0,2024-12-18,2025-03-26,29.0,2
MYLAN PHARMACEUTICALS INC,8,8,3,37.5,2022-01-26,2026-03-11,20.5,3
NORTHWIND PHARMACEUTICALS LLC,8,2,0,0.0,2023-05-03,2025-09-24,48.0,2
PADAGIS US LLC,8,8,0,0.0,2022-01-19,2026-07-22,29.0,5
PHARMA NOBIS LLC,8,3,0,0.0,2023-04-26,2024-05-22,34.0,2
ROHTO MENTHOLATUM VIETNAM CO LTD,8,1,0,0.0,2026-07-29,2026-07-29,15.0,1
TAILSTORM HEALTH INC,8,3,0,0.0,2024-07-17,2025-07-09,37.0,2
THE HARVARD DRUG GROUP LLC,8,6,0,0.0,2025-07-09,2026-07-01,20.0,2
VIONA PHARMACEUTICALS INC,8,7,0,0.0,2021-06-30,2025-10-22,29.0,4
WELLS PHARMA OF HOUSTON LLC,8,2,0,0.0,2023-12-13,2026-05-06,35.0,2
ANI PHARMACEUTICALS INC,7,3,0,0.0,2022-02-23,2026-07-01,8.0,2
ATHENEX PHARMA SOLUTIONS LLC,7,1,0,0.0,2022-03-30,2022-03-30,16.0,1
DENTAL ALLIANCE HOLDINGS LLC,7,1,0,0.0,2022-02-02,2022-02-02,61.0,1
FRENDA CORPORATION,7,1,0,0.0,2023-02-08,2023-02-08,55.0,1
GLAXOSMITHKLINE CONSUMER HEALTHCARE HOLDINGS LLC,7,1,0,0.0,2023-11-08,2023-11-08,341.0,1
NORTH AMERICAN CUSTOM LABORATORIES LLC DBA FARMAKEIO SUPERIOR CUSTOM COMPOUNDING,7,1,0,0.0,2022-04-27,2022-04-27,22.0,1
NOVOCOL PHARMACEUTICAL OF CANADA INC,7,1,0,0.0,2025-12-24,2025-12-24,54.0,1
SAGENT PHARMACEUTICALS,7,4,2,28.57,2023-08-02,2026-05-27,22.0,3
SANDOZ INC,7,6,3,42.86,2021-12-08,2026-06-24,21.0,4
WIZCURE PHARMAA PRIVATE LIMITED,7,1,0,0.0,2026-03-04,2026-03-04,63.0,1
AIRE MASTER OF AMERICA INC,6,1,0,0.0,2022-08-24,2022-08-24,40.0,1
ALEMBIC PHARMACEUTICALS LIMITED,6,6,1,16.67,2021-04-14,2026-01-14,28.5,3
ASPEN BIOPHARMA LABS PVT LTD,6,1,0,0.0,2025-03-19,2025-03-19,40.0,1
BESTCO LLC,6,2,0,0.0,2022-05-25,2024-02-28,40.0,2
GASCO INDUSTRIAL CORP,6,1,0,0.0,2026-07-15,2026-07-15,47.0,1
GLOBAL SANITIZERS LLC,6,1,2,33.33,2021-09-08,2021-09-08,119.0,1
HALEON US HOLDINGS LLC,6,5,3,50.0,2024-01-31,2026-06-17,29.0,3
KVK TECH INC,6,5,2,33.33,2021-01-20,2025-05-28,31.0,3
LOUD MUSCLE SCIENCE,6,1,3,50.0,2022-07-27,2022-07-27,30.0,1
MCKESSON CORPORATION DBA MCKESSON DRUG COMPANY,6,2,0,0.0,2021-06-16,2022-05-11,20.0,2
NEPHRON SC INC,6,4,0,0.0,2022-08-24,2023-03-08,19.0,2
NOVARTIS PHARMACEUTICALS CORPORATION,6,3,1,16.67,2022-06-15,2023-12-13,36.0,2
PHARMADEL LLC,6,1,0,0.0,2025-04-30,2025-04-30,15.0,1
PRIVATE LABEL SKIN CARE INC,6,1,0,0.0,2025-10-01,2025-10-01,19.0,1
QUVA PHARMA INC,6,4,0,0.0,2022-10-05,2026-07-15,26.5,3
SEATEX LLC,6,2,0,0.0,2023-05-10,2024-03-06,16.0,2
SOMERSET THERAPEUTICS LLC,6,4,0,0.0,2024-05-29,2026-03-25,28.0,3
SPARTAN CHEMICAL CO INC,6,1,1,16.67,2021-04-21,2021-04-21,23.0,1
STAQ PHARMA INC,6,3,2,33.33,2022-02-23,2025-10-22,13.5,3
UNICHEM PHARMACEUTICALS USA INC,6,6,1,16.67,2021-12-01,2026-05-13,28.0,4
WEDGEWOOD VILLAGE PHARMACY LLC,6,1,0,0.0,2022-07-13,2022-07-13,33.0,1
ATLANTIC MANAGEMENT RESOURCES LTD,5,2,0,0.0,2022-12-21,2025-09-17,9.0,2
AUROMEDICS PHARMA LLC,5,5,1,20.0,2021-02-10,2022-11-02,30.0,2
BAUSCH HEALTH COMPANIES INC,5,3,0,0.0,2021-02-03,2024-03-06,27.0,2
BRS ANALYTICAL SERVICES LLC,5,1,0,0.0,2025-05-14,2025-05-14,21.0,1
BRYANT RANCH PREPACK INC DBA BRP PHARMACEUTICALS,5,3,2,40.0,2021-03-24,2021-12-01,56.0,1
BSO LLC,5,1,0,0.0,2025-05-14,2025-05-14,16.0,1
CONSUMER PRODUCT PARTNERS LLC,5,4,0,0.0,2024-06-26,2025-10-01,29.0,2
DR BERNE S WHOLE HEALTH PRODUCTS,5,1,1,20.0,2023-10-11,2023-10-11,46.0,1
GLOBAL PHARMA HEALTHCARE PRIVATE LIMITED,5,2,3,60.0,2023-03-29,2023-07-19,170.0,1
GRATO HOLDINGS INC,5,3,0,0.0,2021-07-21,2023-11-15,22.0,3
ICU MEDICAL INC,5,4,3,60.0,2021-03-31,2025-03-19,22.0,3
NEW ENGLAND LIFE CARE INC DBA ADVANCED COMPOUNDING SOLUTIONS,5,2,0,0.0,2023-06-07,2023-07-26,16.0,1
NOMAX INC,5,2,0,0.0,2021-05-26,2024-05-01,12.0,2
PARKER LABORATORIES INC,5,1,0,0.0,2023-08-30,2023-08-30,28.0,1
SAGENT PHARMACEUTICALS INC,5,3,0,0.0,2021-03-24,2023-05-31,12.0,2
SAINI TRADE INC,5,1,5,100.0,2025-06-18,2025-06-18,65.0,1
SOMERSET THERAPEUTICS PRIVATE LIMITED,5,1,0,0.0,2025-04-16,2025-04-16,26.0,1
TORRENT PHARMA INC,5,4,0,0.0,2021-12-22,2025-06-11,21.0,3
A S MEDICATION SOLUTIONS LLC,4,4,2,50.0,2021-05-12,2025-04-02,48.5,3
ABBVIE INC,4,3,0,0.0,2023-11-15,2026-06-03,16.0,3
ALVOGEN INC,4,4,1,25.0,2021-07-14,2026-01-21,28.0,4
APPCO PHARMA LLC,4,2,0,0.0,2025-01-29,2026-04-08,12.0,2
ASCLEMED USA INC,4,3,0,0.0,2026-06-10,2026-07-29,28.5,1
AVKARE LLC,4,3,0,0.0,2023-01-04,2023-09-13,23.0,1
AZURITY PHARMACEUTICALS INC,4,4,2,50.0,2021-10-13,2024-02-07,42.0,3
BOOTHWYN PHARMACY LLC,4,1,0,0.0,2025-09-10,2025-09-10,63.0,1
BOULLA LLC,4,1,4,100.0,2024-12-11,2024-12-11,37.0,1
BRASSICA PHARMA PVT LTD,4,1,0,0.0,2024-03-06,2024-03-06,36.0,1
CHURCH DWIGHT INC,4,2,4,100.0,2023-10-25,2025-07-09,33.0,2
COMPLETE PHARMACY AND MEDICAL SOLUTIONS LLC,4,1,0,0.0,2021-01-27,2021-01-27,68.0,1
DIBAR NUTRICIONAL S DE RL DE CV,4,1,1,25.0,2021-07-07,2021-07-07,57.0,1
EFFICIENT LABORATORIES INC,4,1,0,0.0,2021-12-29,2021-12-29,127.0,1
ELI LILLY COMPANY,4,4,1,25.0,2021-08-18,2024-04-24,34.5,2
FERRING PHARMACEUTICALS INC,4,3,0,0.0,2021-03-17,2023-07-05,25.0,2
GENENTECH INC,4,4,0,0.0,2021-05-05,2024-06-05,19.0,3
GLOBAL WIDGET LLC,4,1,0,0.0,2024-07-31,2024-07-31,36.0,1
HIKMA INJECTABLES USA INC,4,3,1,25.0,2024-05-08,2025-01-08,20.0,2
HUONS CO LTD,4,1,0,0.0,2026-04-22,2026-04-22,20.0,1
ISLAND KINETICS INC D B A COVALENCE LABORATORIES,4,2,0,0.0,2026-04-22,2026-04-22,35.0,1
KABANA SKIN CARE,4,1,0,0.0,2025-07-16,2025-07-16,126.0,1
LIQ E S A DE C V,4,1,4,100.0,2021-02-24,2021-02-24,219.0,1
LNK INTERNATIONAL INC,4,4,0,0.0,2021-07-28,2024-12-18,27.5,3
MONARCH PCM LLC,4,3,0,0.0,2021-09-29,2022-05-25,28.0,2
MORTON GROVE PHARMACEUTICALS INC,4,2,0,0.0,2021-09-29,2022-03-09,26.0,2
NEW LIFE PHARMA LLC,4,1,0,0.0,2026-03-11,2026-03-11,13.0,1
NURI TRADING LLC,4,1,4,100.0,2021-07-28,2021-07-28,121.0,1
NUTRACEUTICAL CORPORATION,4,1,0,0.0,2023-03-15,2023-03-15,20.0,1
OWEN BIOSCIENCES INC,4,1,0,0.0,2026-04-22,2026-04-22,50.0,1
PAI HOLDINGS LLC,4,1,0,0.0,2026-06-24,2026-06-24,40.0,1
PAI HOLDINGS LLC DBA PHARMACEUTICAL ASSOCIATES INC,4,2,0,0.0,2021-08-18,2025-02-12,20.0,2
PRECISION DOSE INC,4,3,0,0.0,2021-01-20,2026-07-29,16.0,2
QMART,4,1,0,0.0,2021-05-12,2021-05-12,42.0,1
RELIANCE LIFE SCIENCES PRIVATE LIMITED,4,1,0,0.0,2026-07-15,2026-07-15,21.0,1
RUBICON RESEARCH PRIVATE LIMITED,4,4,0,0.0,2022-01-19,2024-09-25,24.5,2
SANIT TECHNOLOGIES LLC DBA DURISAN,4,1,2,50.0,2021-07-21,2021-07-21,133.0,1
SEAWAY PHARMA INC,4,1,0,0.0,2024-01-10,2024-01-10,13.0,1
SECOND TOKUSHIMA FACTORY OTSUKA PHARMACEUTICAL CO LTD,4,1,0,0.0,2024-05-01,2024-05-01,22.0,1
SIGMAPHARM LABORATORIES LLC,4,3,0,0.0,2021-05-26,2021-10-06,28.0,1
SSM HEALTH CARE ST LOUIS DBA SSM ST CLARE HEALTH CENTER,4,3,0,0.0,2021-10-20,2024-04-10,35.0,3
TARO PHARMACEUTICALS U S A INC,4,4,1,25.0,2021-02-10,2024-08-21,34.0,3
TSM BRANDS LLC,4,2,0,0.0,2022-03-09,2022-09-07,40.0,1
VISTAPHARM LLC,4,4,1,25.0,2023-09-20,2023-12-06,20.5,1
VITAE ENIM VITAE SCIENTIFIC INC,4,1,0,0.0,2022-04-13,2022-04-13,30.0,1
A P DEAUVILLE LLC,3,1,0,0.0,2025-07-23,2025-07-23,13.0,1
ADVANCED ACCELERATOR APPLICATIONS USA INC,3,3,0,0.0,2022-04-13,2024-10-09,16.0,3
AJANTA PHARMA LTD,3,1,0,0.0,2026-05-13,2026-05-13,14.0,1
ALCON RESEARCH LLC,3,2,1,33.33,2025-01-22,2026-05-06,15.0,2
ALEMBIC PHARMACEUTICALS INC,3,3,0,0.0,2023-08-02,2026-04-08,27.0,2
AMAZON COM INC,3,1,3,100.0,2022-07-27,2022-07-27,62.0,1
AMS PACKAGING INC,3,2,0,0.0,2022-03-02,2022-06-22,33.0,1
ASCENT CONSUMER PRODUCTS INC,3,1,3,100.0,2025-04-02,2025-04-02,64.0,1
ASP CARES,3,1,0,0.0,2021-12-08,2021-12-08,21.0,1
AUROLIFE PHARMA LLC,3,3,0,0.0,2022-04-06,2023-06-28,20.0,2
AVEVA DRUG DELIVERY SYSTEMS INC,3,2,0,0.0,2023-03-22,2026-06-03,35.0,2
BAYCARE INTEGRATED SERVICE CENTER LLC DBA BAYCARE CENTRAL PHARMACY,3,3,1,33.33,2021-08-11,2022-12-21,16.0,2
BIOMIC SCIENCES LLC DBA ION INTELLIGENCE OF NATURE,3,1,1,33.33,2023-11-01,2023-11-01,33.0,1
BOEHRINGER INGELHEIM PHARMACEUTICALS INC,3,3,0,0.0,2021-06-09,2026-07-08,26.0,3
BOTANICAL BE,3,1,3,100.0,2023-12-06,2023-12-06,47.0,1
CHINA GEL INC,3,1,0,0.0,2021-09-08,2021-09-08,182.0,1
CONTRACT PHARMACEUTICALS LIMITED CANADA,3,2,0,0.0,2023-09-06,2024-03-13,22.0,2
ECO LIPS INC,3,2,0,0.0,2022-06-01,2022-08-03,35.0,1
EPI HEALTH LLC,3,1,0,0.0,2024-05-01,2024-05-01,8.0,1
GADGET ISLAND INC,3,1,3,100.0,2023-05-10,2023-05-10,14.0,1
GLAXOSMITHKLINE CONSUMER HEALTHCARE HOLDINGS DBA HALEON,3,1,3,100.0,2023-02-01,2023-02-01,57.0,1
GLAXOSMITHKLINE LLC,3,3,0,0.0,2022-06-01,2024-06-12,22.0,2
HTO NEVADA INC DBA KIRKMAN,3,1,0,0.0,2026-03-11,2026-03-11,21.0,1
HYOBIN LLC,3,1,0,0.0,2021-05-26,2021-05-26,50.0,1
INTEGRITY BIO CHEMICALS LLC,3,1,0,0.0,2023-11-29,2023-11-29,42.0,1
JARMAN S MIDWEST CLEANING SYSTEMS INC,3,1,2,66.67,2023-06-21,2023-06-21,86.0,1
JB CHEMICALS AND PHARMACEUTICALS LTD,3,2,0,0.0,2025-10-29,2026-05-13,47.0,2
JOHNSON S C AND SON INC,3,2,0,0.0,2025-03-19,2025-04-02,34.0,1
L OREAL USA,3,1,0,0.0,2025-05-21,2025-05-21,77.0,1
MACLEODS PHARMACEUTICALS LTD,3,3,0,0.0,2024-12-25,2025-07-16,30.0,2
MCKESSON,3,3,1,33.33,2025-02-05,2026-07-08,28.0,2
MEDIQUE PRODUCTS,3,1,0,0.0,2022-01-26,2022-01-26,51.0,1
MEITHEAL PHARMACEUTICALS INC,3,3,1,33.33,2021-03-03,2026-02-18,19.0,2
MIRACLE 8989,3,1,3,100.0,2021-06-30,2021-06-30,43.0,1
NEPTUNE RESOURCES LLC,3,1,3,100.0,2024-02-28,2024-02-28,47.0,1
NOSTRUM LABORATORIES INC,3,3,0,0.0,2021-01-20,2025-08-06,16.0,2
OMEGA DELTA CO INC,3,1,0,0.0,2023-11-22,2023-11-22,33.0,1
ORGANON LLC,3,1,0,0.0,2024-06-19,2024-06-19,22.0,1
OTSUKA ICU MEDICAL LLC,3,2,2,66.67,2025-11-05,2025-11-26,28.0,1
OURPHARMA LLC,3,3,0,0.0,2022-12-21,2025-04-30,19.0,3
PAR STERILE PRODUCTS LLC,3,3,1,33.33,2023-11-15,2024-04-03,30.0,2
REVIVE RX LLC DBA REVIVE RX PHARMACY,3,3,2,66.67,2022-02-23,2024-06-05,20.0,3
RISING PHARMACEUTICALS,3,3,0,0.0,2021-10-13,2023-03-01,23.0,3
SHANE ERICKSON INC,3,1,0,0.0,2021-02-03,2021-02-03,42.0,1
SLATE RUN PHARMACEUTICALS,3,2,0,0.0,2025-03-26,2026-03-04,19.0,2
SPECIALTY PROCESS LABS LLC,3,2,0,0.0,2024-04-24,2026-01-28,54.0,2
TCP HRB ACQUISITON LLC,3,1,3,100.0,2024-01-03,2024-01-03,686.0,1
THEA PHARMA INC,3,2,0,0.0,2024-03-20,2026-05-06,13.0,2
TODAY THE WORLD,3,1,3,100.0,2024-02-28,2024-02-28,22.0,1
TOLMAR INC,3,3,0,0.0,2021-12-22,2023-10-04,30.0,3
UMMZY LLC,3,1,3,100.0,2021-07-28,2021-07-28,120.0,1
VALOR COMPOUNDING PHARMACY INC DBA VALOR COMPOUNDING PHARMACY,3,2,3,100.0,2022-06-15,2022-08-03,61.0,1
VIRGIN SCENT INC,3,1,1,33.33,2022-04-27,2022-04-27,183.0,1
WALMART INC,3,1,1,33.33,2022-06-22,2022-06-22,29.0,1
WISHGARDEN HERBS INCORPORATED,3,1,3,100.0,2021-01-06,2021-01-06,103.0,1
X GEN PHARMACEUTICALS INC,3,2,0,0.0,2021-04-14,2024-04-10,8.0,2
ABC SALES 1 INC,2,1,2,100.0,2022-02-23,2022-02-23,15.0,1
ACUITY SPECIALTY PRODUCTS INC,2,1,0,0.0,2025-10-15,2025-10-15,16.0,1
ADAM S POLISHES LLC,2,1,1,50.0,2022-11-23,2022-11-23,18.0,1
ADAMIS PHARMACEUTICALS CORPORATION,2,1,2,100.0,2022-04-13,2022-04-13,23.0,1
ADAMS SECRET CO,2,1,2,100.0,2021-03-31,2021-03-31,44.0,1
ADVANCED PHARMACEUTICAL TECHNOLOGY INC,2,2,0,0.0,2025-07-02,2026-01-21,71.5,2
AGEBOX,2,1,0,0.0,2026-03-04,2026-03-04,127.0,1
AJANTA PHARMA USA INC,2,2,0,0.0,2026-06-24,2026-07-01,31.0,1
ALCHEMEE LLC,2,1,0,0.0,2025-04-16,2025-04-16,35.0,1
ALPHA AROMATICS,2,2,0,0.0,2023-05-31,2024-02-28,24.5,2
ANAZAOHEALTH CORPORATION,2,1,0,0.0,2024-01-03,2024-01-03,42.0,1
ANNORA PHARMA PRIVATE LIMITED,2,2,0,0.0,2026-03-25,2026-07-01,38.5,1
API SOLUTIONS INC,2,1,0,0.0,2021-08-04,2021-08-04,20.0,1
APIPHARMA,2,1,0,0.0,2025-04-30,2025-04-30,21.0,1
APOLLO CARE,2,2,0,0.0,2021-12-15,2023-04-05,52.0,2
APOTHECUS PHARMACEUTICAL CORP,2,2,0,0.0,2024-04-03,2024-12-25,23.0,1
ARUBA ALOE BALM N V,2,1,2,100.0,2024-05-01,2024-05-01,39.0,1
ASTELLAS PHARMA US INC,2,1,2,100.0,2025-02-05,2025-02-05,44.0,1
AVKARE INC,2,2,0,0.0,2021-06-23,2022-08-17,21.0,2
BE PHARMACEUTICALS AG,2,2,0,0.0,2023-09-20,2024-01-31,18.0,2
BEST BRANDS CONSUMER PRODUCTS INC,2,1,2,100.0,2022-05-11,2022-05-11,43.0,1
BIOCON PHARMA INC,2,2,0,0.0,2023-02-15,2025-04-09,19.0,2
BRANDS INTERNATIONAL CORPORATION,2,2,0,0.0,2024-07-24,2025-01-29,60.5,2
CALVIN SCOTT COMPANY INC,2,1,1,50.0,2022-06-01,2022-06-01,502.0,1
CAMBER PHARMACEUTICALS INC,2,2,1,50.0,2022-12-21,2023-05-17,40.0,2
CASCADE KELLY HOLDINGS LLC,2,1,0,0.0,2021-08-11,2021-08-11,42.0,1
CENTRAL ADMIXTURE PHARMACY SERVICES INC CAPS LOS ANGELES,2,2,0,0.0,2025-07-23,2026-05-13,79.5,2
CHARLES PAINT RESEARCH INC,2,1,0,0.0,2021-09-15,2021-09-15,378.0,1
CHATTEM INC,2,2,0,0.0,2025-03-19,2025-04-23,21.5,1
CHIESI USA INC,2,2,0,0.0,2026-04-01,2026-07-22,15.5,1
CONSOLIDATED CHEMICAL INC,2,1,0,0.0,2023-02-22,2023-02-22,43.0,1
DEN MAT HOLDINGS LLC,2,1,0,0.0,2024-02-07,2024-02-07,22.0,1
DOLLAR TREE DISTRIBUTION INC,2,2,0,0.0,2022-03-09,2023-10-25,19.5,2
ELEVATE ORAL CARE,2,2,0,0.0,2024-09-18,2026-07-01,28.0,2
EMPOWER CLINIC SERVICES LLC DBA EMPOWER PHARMACY,2,2,0,0.0,2023-06-14,2025-05-21,26.0,2
ENDO PHARMACEUTICALS INC,2,2,1,50.0,2023-04-05,2024-08-07,31.0,2
ESPERION,2,2,0,0.0,2023-09-13,2024-04-24,28.0,2
FISHER SCIENTIFIC CO LLC,2,1,0,0.0,2023-01-25,2023-01-25,8.0,1
FRUIT OF THE EARTH INC,2,1,0,0.0,2025-03-26,2025-03-26,15.0,1
GAZA PROVEEDORA DE SERVICIOS DE HOSPEDAJE Y ALIMENTACION,2,1,0,0.0,2021-01-20,2021-01-20,50.0,1
GE HEALTHCARE IRELAND LIMITED,2,1,0,0.0,2026-04-15,2026-04-15,22.0,1
GILEAD SCIENCES INC,2,2,2,100.0,2022-01-05,2024-10-09,26.5,2
GLOBAL CORPORATION,2,1,0,0.0,2024-03-20,2024-03-20,33.0,1
GRACE FIRE PTY LTD,2,1,0,0.0,2025-09-17,2025-09-17,26.0,1
GRAVITI PHARMACEUTICALS PRIVATE LIMITED,2,2,0,0.0,2025-10-29,2026-01-28,31.0,2
GRUPO ASIMEX DE MEXICO SA DE CV,2,1,1,50.0,2021-09-22,2021-09-22,404.0,1
HARBIN JIXIANGLONG BIOTECH CO LTD,2,1,0,0.0,2026-03-11,2026-03-11,26.0,1
HTO NEVADA INC,2,1,0,0.0,2023-02-22,2023-02-22,13.0,1
HUMANRACE,2,1,0,0.0,2023-09-27,2023-09-27,40.0,1
INGENUS PHARMACEUTICALS LLC,2,2,0,0.0,2022-01-26,2022-10-26,21.0,1
INNOVEIX PHARMACEUTICALS INC,2,1,0,0.0,2021-07-28,2021-07-28,19.0,1
INSIGHT PHARMACEUTICALS LLC A PRESTIGE CONSUMER HEALTHCARE COMPANY,2,2,2,100.0,2024-01-24,2024-02-28,30.5,1
INTEGRITY PRODUCTS,2,1,2,100.0,2024-07-10,2024-07-10,160.0,1
JUSTIFIED LABORATORIES,2,1,0,0.0,2022-10-19,2022-10-19,40.0,1
KINDER FARMS LLC,2,1,0,0.0,2023-12-13,2023-12-13,30.0,1
KRAMER LABORATORIES INC,2,1,0,0.0,2023-08-02,2023-08-02,40.0,1
LEADING PHARMA LLC,2,2,0,0.0,2022-10-05,2026-04-29,41.5,2
MALLINCKRODT HOSPITAL PRODUCTS INC,2,1,0,0.0,2024-02-28,2024-02-28,22.0,1
MARLEX PHARMACEUTICALS INC,2,1,1,50.0,2023-09-13,2023-09-13,19.0,1
MAYNE PHARMA INC,2,2,0,0.0,2022-01-26,2022-06-29,16.0,1
MCGUFF COMPOUNDING PHARMACY SERVICES INC,2,1,0,0.0,2023-02-22,2023-02-22,76.0,1
MEDINATURA NEW MEXICO INC,2,1,2,100.0,2026-01-14,2026-01-14,33.0,1
MEDISCA INC,2,2,0,0.0,2024-07-10,2025-04-30,22.0,2
MEDLINE INDUSTRIES INC,2,2,0,0.0,2021-06-16,2021-12-29,42.0,1
MEDLINE INDUSTRIES LP,2,2,0,0.0,2025-10-01,2025-10-29,36.5,1
MERCK SHARP DOHME CORP,2,2,1,50.0,2021-11-10,2022-04-13,17.5,2
MERCK SHARP DOHME LLC,2,1,0,0.0,2025-12-31,2025-12-31,19.0,1
MICRO LABS LIMITED,2,2,0,0.0,2024-02-28,2024-03-20,28.0,1
MYLAN INSTITUTIONAL INC D B A UDL LABORATORIES,2,1,0,0.0,2022-05-18,2022-05-18,47.0,1
NA NA COLLECTION,2,1,0,0.0,2021-05-05,2021-05-05,36.0,1
NATCO PHARMA LIMITED,2,2,0,0.0,2024-02-14,2024-04-17,17.0,1
NCS HEALTHCARE OF KENTUCKY INC,2,1,0,0.0,2023-11-29,2023-11-29,33.0,1
NEOGEN CORPORATION,2,1,0,0.0,2024-12-04,2024-12-04,57.0,1
NEW VISION PHARMACEUTICALS LLC,2,1,0,0.0,2021-10-06,2021-10-06,34.0,1
NEW VITALIS PHARMACY LLC DBA NEW VITALIS PHARMACY,2,2,0,0.0,2021-10-06,2023-08-02,17.0,2
NOVITIUM PHARMA LLC,2,2,0,0.0,2024-03-27,2024-04-24,26.5,1
NSNY DISTRIBUTOR INC,2,1,2,100.0,2021-07-07,2021-07-07,90.0,1
OMEZA LLC,2,1,0,0.0,2024-02-14,2024-02-14,26.0,1
ORIENT PHARMA CO LTD YUNLIN PLANT,2,1,0,0.0,2025-07-09,2025-07-09,28.0,1
PACIRA PHARMACEUTICALS INC,2,2,0,0.0,2024-06-19,2024-07-03,32.0,1
PARK AVENUE COMPOUNDING,2,2,0,0.0,2025-11-26,2025-12-10,74.0,1
PFIZER,2,2,1,50.0,2024-01-31,2025-08-20,31.5,2
PHARMEDICA USA LLC,2,1,1,50.0,2023-03-15,2023-03-15,29.0,1
PRO NUMB TATTOO NUMBING SPRAY LLC,2,1,0,0.0,2026-02-18,2026-02-18,16.0,1
PROVEPHARM INC,2,2,1,50.0,2024-12-25,2025-02-26,34.5,2
RADNOSTIX,2,2,0,0.0,2026-03-11,2026-04-01,42.5,1
REGENERATIVE PROCESSING PLANT LLC,2,1,0,0.0,2024-12-25,2024-12-25,15.0,1
REGENERON PHARMACEUTICALS INC,2,2,0,0.0,2024-05-08,2024-06-05,18.0,1
REVIVE PERSONAL PRODUCTS COMPANY,2,2,0,0.0,2022-01-19,2022-04-13,68.0,1
SALON TECHNOLOGIES INTERNATIONAL INC,2,1,1,50.0,2022-10-12,2022-10-12,28.0,1
SIGNATURE FORMULATIONS LLC,2,1,0,0.0,2026-01-14,2026-01-14,37.0,1
SKY PACKAGING,2,1,0,0.0,2025-02-12,2025-02-12,19.0,1
SPECGX LLC,2,1,0,0.0,2026-01-14,2026-01-14,29.0,1
SPECTRUM LABORATORY PRODUCTS INC,2,1,2,100.0,2023-02-01,2023-02-01,44.0,1
SUPERCORE PRODUCTS GROUP INC,2,1,2,100.0,2024-10-09,2024-10-09,89.0,1
SYNCHRONICITY SPA INC DBA SUNTE,2,1,1,50.0,2024-07-17,2024-07-17,54.0,1
TENNESSEE TECHNICAL COATINGS CORP,2,1,1,50.0,2022-03-30,2022-03-30,27.0,1
THE RITEDOSE CORPORATION,2,2,0,0.0,2022-04-13,2023-08-09,15.5,2
TMC ACQUISITIONS LLC DBA TAILOR MADE COMPOUNDING,2,1,0,0.0,2023-08-30,2023-08-30,15.0,1
ULTRA CHEM LABS CORP,2,1,0,0.0,2022-11-02,2022-11-02,79.0,1
UMARY USA COM,2,1,2,100.0,2025-06-25,2025-06-25,35.0,1
UNILEVER UNITED STATES INC,2,1,1,50.0,2022-05-04,2022-05-04,35.0,1
URBAN ELECTRIC POWER,2,1,0,0.0,2023-02-15,2023-02-15,29.0,1
US COMPOUNDING INC,2,2,0,0.0,2021-01-06,2021-01-20,38.5,1
US SPECIALTY FORMULATIONS LLC,2,1,0,0.0,2022-06-15,2022-06-15,22.0,1
VALGENE INCORPORATED DBA CAPE DRUGS,2,1,0,0.0,2021-12-22,2021-12-22,19.0,1
VI JON INC,2,2,0,0.0,2021-09-22,2022-03-09,10.0,2
VIATRIS,2,2,0,0.0,2021-09-22,2021-10-06,26.5,1
VISTAPHARM INC,2,2,0,0.0,2022-01-26,2022-11-02,26.0,1
WEST WARD COLUMBUS INC,2,2,0,0.0,2023-11-01,2025-01-15,33.5,2
WESTMINSTER PHARMACEUTICALS LLC,2,1,0,0.0,2025-08-20,2025-08-20,14.0,1
WILSHIRE PHARMACEUTICALS INC,2,1,0,0.0,2021-02-24,2021-02-24,20.0,1
WINDER LABORATORIES LLC,2,2,0,0.0,2024-06-19,2025-12-17,21.5,2
XELLIA PHARMACEUTICALS USA LLC,2,1,0,0.0,2021-09-01,2021-09-01,26.0,1
ZECO LLC,2,1,0,0.0,2024-08-28,2024-08-28,23.0,1
123HERBALS,1,1,1,100.0,2024-10-16,2024-10-16,28.0,1
A P NONWEILER,1,1,0,0.0,2022-06-22,2022-06-22,42.0,1
AADI BIOSCIENCE,1,1,0,0.0,2022-11-23,2022-11-23,41.0,1
ACCORD BIOPHARMA INC,1,1,0,0.0,2026-07-08,2026-07-08,28.0,1
ACCUPAC INC,1,1,0,0.0,2021-06-02,2021-06-02,20.0,1
ADVANTICE HEALTH LLC,1,1,0,0.0,2023-03-01,2023-03-01,27.0,1
AERO HEALTHCARE,1,1,0,0.0,2025-11-12,2025-11-12,26.0,1
AKCEA THERAPEUTICS INC,1,1,1,100.0,2022-07-06,2022-07-06,44.0,1
AKEBIA THERAPEUTICS DBA KERYX BIOPHARMACEUTIALS INC,1,1,0,0.0,2021-02-24,2021-02-24,26.0,1
ALLERGAN PLC,1,1,0,0.0,2021-01-27,2021-01-27,28.0,1
ALMIRALL LLC,1,1,0,0.0,2022-10-05,2022-10-05,19.0,1
ALPHA TEK LLC,1,1,1,100.0,2021-10-13,2021-10-13,89.0,1
AMERICAN SCREENING LLC,1,1,1,100.0,2021-12-15,2021-12-15,26.0,1
AMIVAS US LLC,1,1,0,0.0,2021-10-13,2021-10-13,16.0,1
AMRING PHARMACEUTICALS INC,1,1,0,0.0,2023-06-21,2023-06-21,9.0,1
ANHUI WELCOME FOREIGN TRADE CO LTD,1,1,0,0.0,2021-09-01,2021-09-01,20.0,1
ANTHONY TRINH 123HERBALS LLC,1,1,1,100.0,2026-03-11,2026-03-11,142.0,1
ANTOTO K,1,1,0,0.0,2021-05-12,2021-05-12,47.0,1
APG SEVEN INC,1,1,1,100.0,2023-09-06,2023-09-06,34.0,1
APTAPHARMA INC,1,1,0,0.0,2022-05-04,2022-05-04,36.0,1
ARDIL COMERCIAL S R L,1,1,1,100.0,2021-07-21,2021-07-21,29.0,1
AREVA PHARMACEUTICALS INC,1,1,0,0.0,2021-03-03,2021-03-03,104.0,1
AROMA RELEASE TECHNOLOGIES INC,1,1,1,100.0,2022-01-05,2022-01-05,36.0,1
ASCENT PHARMACEUTICALS INC,1,1,0,0.0,2021-12-15,2021-12-15,26.0,1
ASCLEMED USA INC DBA ENOVACHEM PHARMACEUTICALS,1,1,0,0.0,2021-04-21,2021-04-21,33.0,1
ASEGUA THERAPEUTICS LLC,1,1,0,0.0,2025-04-16,2025-04-16,40.0,1
ASPIRO PHARMA LIMITED,1,1,0,0.0,2025-10-29,2025-10-29,28.0,1
ASTRAZENECA PHARMACEUTICALS,1,1,0,0.0,2025-10-22,2025-10-22,14.0,1
ASTTRAZENECA PHARMACEUTICALS LP,1,1,0,0.0,2025-05-28,2025-05-28,14.0,1
AVANTOR PERFORMANCE MATERIALS LLC,1,1,0,0.0,2026-04-22,2026-04-22,22.0,1
AVRIO HEALTH L P,1,1,0,0.0,2021-09-29,2021-09-29,34.0,1
BEEKEEPER S NATURALS USA INC,1,1,1,100.0,2026-06-17,2026-06-17,16.0,1
BIOCOMPATIBLES UK LTD,1,1,0,0.0,2024-12-18,2024-12-18,125.0,1
BIOMED LABORATORIES LLC,1,1,0,0.0,2026-07-15,2026-07-15,34.0,1
BIONPHARMA INC,1,1,1,100.0,2024-10-23,2024-10-23,36.0,1
BIT BET LLC,1,1,0,0.0,2021-05-26,2021-05-26,63.0,1
BLI INTERNATIONAL INC,1,1,0,0.0,2024-11-06,2024-11-06,16.0,1
BLISTEX INC,1,1,1,100.0,2023-12-27,2023-12-27,770.0,1
BRISTOL MYERS SQUIBB COMPANY,1,1,0,0.0,2025-10-29,2025-10-29,8.0,1
BUY HERBAL,1,1,1,100.0,2025-01-15,2025-01-15,34.0,1
BUZZAGOGO LLC,1,1,1,100.0,2022-07-06,2022-07-06,28.0,1
C A NATURISTICS,1,1,0,0.0,2024-10-30,2024-10-30,22.0,1
CAPLIN STERILES LIMITED,1,1,0,0.0,2023-09-13,2023-09-13,30.0,1
CARDINAL HEALTH 200 LLC,1,1,1,100.0,2026-03-25,2026-03-25,23.0,1
CELEBRATE TODAY,1,1,1,100.0,2022-02-23,2022-02-23,15.0,1
CHURCH DWIGHT CO INC,1,1,0,0.0,2025-10-29,2025-10-29,28.0,1
CIPLA LIMITED,1,1,0,0.0,2025-12-10,2025-12-10,40.0,1
COAST QUALITY PHARMACY LLC DBA ANAZAO HEALTH,1,1,0,0.0,2024-07-03,2024-07-03,70.0,1
COLGATE PALMOLIVE COMPANY,1,1,0,0.0,2023-08-23,2023-08-23,13.0,1
CONTRACT PHARMACAL CORPORATION,1,1,0,0.0,2024-07-03,2024-07-03,44.0,1
COOPERSURGICAL INC,1,1,1,100.0,2022-02-23,2022-02-23,19.0,1
COSETTE PHARMACEUTICALS INC,1,1,0,0.0,2021-04-14,2021-04-14,20.0,1
CURIUM US LLC,1,1,0,0.0,2025-01-01,2025-01-01,36.0,1
CUSTOPHARM INC,1,1,0,0.0,2021-09-01,2021-09-01,33.0,1
DASH PHARMACEUTICALS LLC,1,1,0,0.0,2022-04-13,2022-04-13,33.0,1
DASH XCLUSIVE,1,1,0,0.0,2021-06-23,2021-06-23,43.0,1
DERCHER ENTERPRISES INC DBA GORDON LABORATORIES,1,1,0,0.0,2024-05-22,2024-05-22,40.0,1
DISCOVERY PHARMA LLC,1,1,0,0.0,2023-02-08,2023-02-08,91.0,1
DISTRIBUTOR RFR LLC,1,1,1,100.0,2022-08-10,2022-08-10,19.0,1
DLC LABORATORIES INC,1,1,0,0.0,2021-02-24,2021-02-24,49.0,1
DR REDDY S LABORATORIES LIMITED,1,1,0,0.0,2023-07-26,2023-07-26,35.0,1
EBAY SELLER JOHN NGUYEN,1,1,1,100.0,2021-09-22,2021-09-22,42.0,1
EDENBRIDGE PHARMACEUTICALS LLC,1,1,0,0.0,2023-11-08,2023-11-08,19.0,1
EDGEWELL PERSONAL CARE BRANDS LLC,1,1,1,100.0,2022-09-21,2022-09-21,54.0,1
EMPOWER CLINIC SERVICES LLC,1,1,0,0.0,2024-08-14,2024-08-14,12.0,1
EMPOWER PHARMACY,1,1,0,0.0,2024-10-02,2024-10-02,27.0,1
ENCON SAFETY PRODUCTS CO,1,1,0,0.0,2026-01-21,2026-01-21,15.0,1
ENSHISHIXIANGNISHANGMAOYOUXIANGONGSI,1,1,1,100.0,2025-06-04,2025-06-04,29.0,1
ENVIROSERVE CHEMICALS INC,1,1,0,0.0,2024-10-02,2024-10-02,14.0,1
EQUIBAL INC,1,1,0,0.0,2024-07-17,2024-07-17,21.0,1
ESUPPLEMENTSALES LLC,1,1,1,100.0,2022-02-16,2022-02-16,19.0,1
EVARIC PHARMACEUTICALS INC,1,1,0,0.0,2024-11-27,2024-11-27,12.0,1
FA ONLINE INC,1,1,1,100.0,2024-05-01,2024-05-01,79.0,1
FAMILY MEDICAL SUPPLY INC,1,1,0,0.0,2023-11-22,2023-11-22,13.0,1
FIRST AID BEAUTY LTD,1,1,0,0.0,2025-01-29,2025-01-29,37.0,1
FOCUS HEALTH GROUP INC,1,1,0,0.0,2023-04-19,2023-04-19,34.0,1
FRESENIUS MEDICAL CARE NORTH AMERICA,1,1,0,0.0,2021-05-26,2021-05-26,42.0,1
GENERITECH CORPORATION,1,1,0,0.0,2024-12-11,2024-12-11,19.0,1
GENUS LIFESCIENCES INC,1,1,0,0.0,2021-01-20,2021-01-20,28.0,1
GLENMARK THERAPEUTICS INC,1,1,0,0.0,2023-07-26,2023-07-26,86.0,1
GNMART LLC,1,1,1,100.0,2025-01-08,2025-01-08,27.0,1
GRACE HEALTHCARE MEDICAL INC,1,1,0,0.0,2021-05-05,2021-05-05,20.0,1
GRANULES CONSUMER HEALTH INC,1,1,0,0.0,2024-08-14,2024-08-14,27.0,1
GRANULES USA INC,1,1,0,0.0,2021-09-08,2021-09-08,28.0,1
GREEN LUMBER HOLDINGS LLC,1,1,1,100.0,2026-02-11,2026-02-11,167.0,1
GREEN PHARMACEUTICALS INC,1,1,1,100.0,2022-07-06,2022-07-06,27.0,1
GREENSTONE LLC,1,1,0,0.0,2026-02-04,2026-02-04,20.0,1
GURU INC,1,1,0,0.0,2024-10-02,2024-10-02,98.0,1
HAND SANITIZER LLC,1,1,0,0.0,2022-06-22,2022-06-22,79.0,1
HANDELNINE GLOBAL LLC,1,1,1,100.0,2026-02-11,2026-02-11,51.0,1
HARROW EYE LLC,1,1,0,0.0,2026-04-29,2026-04-29,12.0,1
HENRY SCHEIN INC AND GLOVE CLUB HSI GLOVES INC,1,1,0,0.0,2024-02-28,2024-02-28,42.0,1
HERON THERAPEUTICS INC,1,1,0,0.0,2022-08-24,2022-08-24,22.0,1
HETERO LABS LIMITED UNIT V,1,1,0,0.0,2026-04-29,2026-04-29,34.0,1
HETERO USA INC,1,1,0,0.0,2023-04-19,2023-04-19,36.0,1
HF ACQUISITION CO LLC,1,1,0,0.0,2023-06-14,2023-06-14,8.0,1
HIGH PERFORMANCE FORMULAS L L C HPF L L C,1,1,0,0.0,2021-08-25,2021-08-25,30.0,1
HILL DERMACEUTICALS INC,1,1,0,0.0,2021-06-30,2021-06-30,40.0,1
HIS ENTERPRISE INC,1,1,0,0.0,2021-09-01,2021-09-01,43.0,1
HONEYWELL INC,1,1,0,0.0,2024-05-01,2024-05-01,33.0,1
HOYU US LOGISTICS INC,1,1,0,0.0,2021-07-07,2021-07-07,15.0,1
HUA DA TRADING INC DBA WEFUN INC,1,1,1,100.0,2023-09-20,2023-09-20,26.0,1
IBSPOT,1,1,0,0.0,2025-10-29,2025-10-29,20.0,1
IDEAL SPECIALTY APOTHECARY INC DBA IDEAL PHARMACY,1,1,0,0.0,2022-02-09,2022-02-09,50.0,1
IMMUNOCORE LLC,1,1,0,0.0,2025-09-10,2025-09-10,92.0,1
IMPRIMISRX NJ,1,1,0,0.0,2022-11-23,2022-11-23,14.0,1
INMAR SUPPLY CHAIN SOLUTIONS LLC,1,1,0,0.0,2023-08-30,2023-08-30,16.0,1
INSIGHT PHARMACEUTICALS CORPORATION,1,1,1,100.0,2023-12-27,2023-12-27,35.0,1
INTERNATIONAL MEDICATION SYSTEMS LTD,1,1,0,0.0,2026-04-22,2026-04-22,21.0,1
INTERSECT ENT INC,1,1,0,0.0,2023-01-25,2023-01-25,21.0,1
INVAGEN PHARMACEUTICALS INC,1,1,1,100.0,2024-01-17,2024-01-17,61.0,1
INVENTIA HEALTHCARE LIMITED,1,1,0,0.0,2026-06-24,2026-06-24,19.0,1
ITF PHARMA INC,1,1,0,0.0,2023-11-29,2023-11-29,40.0,1
JACOBUS PHARMACEUTICAL COMPANY INC,1,1,1,100.0,2021-10-06,2021-10-06,27.0,1
JE DOIS LAVOIR LLC,1,1,1,100.0,2022-02-23,2022-02-23,205.0,1
JR WATKINS,1,1,0,0.0,2024-12-04,2024-12-04,33.0,1
JUBILANT DRAXIMAGE INC,1,1,0,0.0,2022-07-20,2022-07-20,34.0,1
JUBILANT DRAXIMAGE INC DBA JUBILANT RADIOPHARMA,1,1,0,0.0,2025-01-15,2025-01-15,54.0,1
JUNP HYDRATION LLC,1,1,1,100.0,2022-02-16,2022-02-16,12.0,1
KENVUE BRANDS LLC,1,1,0,0.0,2025-11-05,2025-11-05,15.0,1
KIMBERLY CLARK CORPORATION,1,1,0,0.0,2021-04-14,2021-04-14,72.0,1
KOWA PHARMACEUTICALS AMERICA,1,1,0,0.0,2025-03-19,2025-03-19,23.0,1
LATIN FOODS MARKET,1,1,1,100.0,2022-07-20,2022-07-20,40.0,1
LEADIANT BIOSCIENCES INC,1,1,0,0.0,2023-02-22,2023-02-22,19.0,1
LEGACY PHARMACEUTICAL PACKAGING LLC,1,1,0,0.0,2024-01-03,2024-01-03,23.0,1
LEO PHARMA INC,1,1,0,0.0,2026-03-04,2026-03-04,22.0,1
LETCO MEDICAL LLC,1,1,0,0.0,2025-11-05,2025-11-05,54.0,1
LOHXA LLC,1,1,1,100.0,2022-01-26,2022-01-26,36.0,1
LULA HOLDINGS L L C,1,1,0,0.0,2022-05-18,2022-05-18,43.0,1
LUNDBECK LLC,1,1,0,0.0,2023-09-06,2023-09-06,20.0,1
MAIN PRODUCTS INC,1,1,1,100.0,2024-08-14,2024-08-14,27.0,1
MCKESSON CORPORATION,1,1,0,0.0,2024-02-28,2024-02-28,16.0,1
MEDEK LLC,1,1,1,100.0,2022-08-24,2022-08-24,714.0,1
MEDICAL PRODUCTS LABORATORIES INC,1,1,0,0.0,2025-12-03,2025-12-03,21.0,1
MERCK CO INC,1,1,0,0.0,2025-08-20,2025-08-20,30.0,1
MERCK SHARP DOHME,1,1,0,0.0,2021-01-13,2021-01-13,23.0,1
META HERBAL,1,1,1,100.0,2024-01-03,2024-01-03,35.0,1
METHAPHARM INC,1,1,0,0.0,2023-05-03,2023-05-03,26.0,1
MEXHEALTH LLC,1,1,0,0.0,2024-06-26,2024-06-26,35.0,1
MOHAMED HAGAR,1,1,1,100.0,2026-03-11,2026-03-11,154.0,1
MXBBB,1,1,0,0.0,2025-01-01,2025-01-01,48.0,1
MYLAN INSTITUTIONAL LLC,1,1,0,0.0,2021-06-09,2021-06-09,37.0,1
NAMOO ENTERPRISE LLC,1,1,0,0.0,2021-05-05,2021-05-05,41.0,1
NANOMATERIALS DISCOVERY CORPORATION,1,1,1,100.0,2023-03-15,2023-03-15,29.0,1
NATIVE PROMOTIONS INC,1,1,0,0.0,2021-09-15,2021-09-15,65.0,1
NCH LIFE SCIENCES LLC,1,1,0,0.0,2023-01-04,2023-01-04,26.0,1
NDAL MFG INC,1,1,1,100.0,2021-03-03,2021-03-03,76.0,1
NEILMED PHARMACEUTICALS INC,1,1,0,0.0,2024-07-03,2024-07-03,9.0,1
NEPHRON SC LLC,1,1,0,0.0,2026-04-22,2026-04-22,36.0,1
NIVAGEN PHARMACEUTICALS INC,1,1,0,0.0,2024-10-09,2024-10-09,15.0,1
NOAH S WHOLESALE LLC,1,1,1,100.0,2023-12-27,2023-12-27,72.0,1
NOVADOZ PHARMACEUTICALS LLC,1,1,0,0.0,2026-02-04,2026-02-04,51.0,1
NOVARTIS PHARMACEUTICALS CORP,1,1,1,100.0,2023-09-27,2023-09-27,19.0,1
NOVEL LABORATORIES INC D B A LUPIN,1,1,0,0.0,2021-08-25,2021-08-25,27.0,1
NOVEL LABORATORIES INC D B A LUPIN SOMERSET,1,1,0,0.0,2024-08-14,2024-08-14,43.0,1
NOVIS PR LLC DBA KRAMER NOVIS,1,1,1,100.0,2023-06-07,2023-06-07,48.0,1
NUBRATORI INC,1,1,0,0.0,2025-05-07,2025-05-07,22.0,1
OASIS MEDICAL INC,1,1,0,0.0,2026-05-20,2026-05-20,23.0,1
ONE SOURCE NUTRITION INC,1,1,1,100.0,2025-03-26,2025-03-26,34.0,1
ONESOURCE SPECIALTY PHARMA LIMITED,1,1,0,0.0,2026-07-15,2026-07-15,38.0,1
ORGANICS CORPORATION OF AMERICA DBA AMBIX LABORATORIES,1,1,0,0.0,2022-02-23,2022-02-23,79.0,1
OXFORD PHARMACEUTICALS LLC,1,1,0,0.0,2021-06-09,2021-06-09,35.0,1
PAR FORMULATIONS PRIVATE LIMITED,1,1,0,0.0,2022-11-23,2022-11-23,13.0,1
PAR HEALTH USA LLC,1,1,0,0.0,2026-06-24,2026-06-24,12.0,1
PARTNER THERAPEUTICS INC,1,1,0,0.0,2021-07-21,2021-07-21,28.0,1
PAYLESS COMPOUNDERS LLC,1,1,0,0.0,2026-04-22,2026-04-22,47.0,1
PEOPLE S CUSTOM RX AND CLINICAL CARE LLC,1,1,1,100.0,2021-08-18,2021-08-18,99.0,1
PHARMASOL CORPORATION,1,1,0,0.0,2022-03-02,2022-03-02,50.0,1
PHE INC,1,1,1,100.0,2021-09-29,2021-09-29,42.0,1
PINK TOYZ,1,1,1,100.0,2022-04-27,2022-04-27,29.0,1
PIRAMAL CRITICAL CARE INC,1,1,0,0.0,2021-10-27,2021-10-27,47.0,1
PNHC LLC,1,1,1,100.0,2021-05-12,2021-05-12,63.0,1
POSITIVE HEALTH,1,1,1,100.0,2022-03-02,2022-03-02,20.0,1
PRAIRIE WOLF SPIRITS,1,1,1,100.0,2021-07-21,2021-07-21,30.0,1
PREMIER DENTAL PRODUCTS CO,1,1,0,0.0,2026-04-29,2026-04-29,15.0,1
PREQUEL SKIN,1,1,0,0.0,2024-09-18,2024-09-18,21.0,1
PRESCRIPTION LABS INC DBA GREENPARK,1,1,0,0.0,2021-09-22,2021-09-22,35.0,1
PREYE LLC,1,1,0,0.0,2026-07-01,2026-07-01,44.0,1
PRISMA HEALTH OUTSOURCING FACILITY,1,1,0,0.0,2021-06-23,2021-06-23,15.0,1
PRIVATE LABEL PARTNERS INC,1,1,0,0.0,2023-12-27,2023-12-27,14.0,1
PROMISE PHARMACY LLC,1,1,0,0.0,2021-09-22,2021-09-22,84.0,1
QIKMOOV LLC,1,1,1,100.0,2021-08-11,2021-08-11,28.0,1
QUALGEN LLC,1,1,0,0.0,2025-07-23,2025-07-23,37.0,1
RB HEALTH US LLC,1,1,0,0.0,2023-10-04,2023-10-04,36.0,1
RC OUTSOURCING LLC,1,1,0,0.0,2025-10-15,2025-10-15,23.0,1
RHODES PHARMACEUTICALS L P,1,1,0,0.0,2021-09-22,2021-09-22,34.0,1
RIGHT VALUE DRUG STORES LLC DBA CARIE BOYD S PRESCRIPTION SHOP,1,1,0,0.0,2023-12-13,2023-12-13,34.0,1
ROCK TOWN DISTILLERY INC,1,1,0,0.0,2022-03-30,2022-03-30,20.0,1
S B STORY LLC,1,1,0,0.0,2021-05-05,2021-05-05,41.0,1
SAMSUNG BIOEPIS CO LTD,1,1,0,0.0,2025-11-05,2025-11-05,26.0,1
SANITOR CORPORATION,1,1,0,0.0,2021-10-27,2021-10-27,36.0,1
SANOFI AVENTIS U S LLC,1,1,0,0.0,2023-05-24,2023-05-24,43.0,1
SATO PHARMACEUTICAL CO LTD,1,1,0,0.0,2026-02-04,2026-02-04,47.0,1
SCIEGEN PHARMACEUTICALS INC,1,1,0,0.0,2023-03-08,2023-03-08,19.0,1
SCOPE HEALTH,1,1,0,0.0,2026-05-06,2026-05-06,16.0,1
SCYNEXIS INC,1,1,1,100.0,2023-10-18,2023-10-18,23.0,1
SHIMOGA CHEMICALS,1,1,0,0.0,2026-07-15,2026-07-15,57.0,1
SHOPPERS PLAZA,1,1,1,100.0,2025-01-29,2025-01-29,44.0,1
SIDDHA FLOWER ESSENCES LLC,1,1,0,0.0,2025-05-14,2025-05-14,16.0,1
SIEGFRIED BARBERA SL,1,1,0,0.0,2023-12-20,2023-12-20,30.0,1
SIGAN INDUSTRIES GROUP INC,1,1,0,0.0,2025-03-19,2025-03-19,19.0,1
SOFIE CO DBA SOFIE,1,1,0,0.0,2023-10-04,2023-10-04,43.0,1
SOLOVITAL,1,1,1,100.0,2024-08-07,2024-08-07,26.0,1
SOUTHWEST IOWA RENEWABLE ENERGY LLC,1,1,0,0.0,2023-01-25,2023-01-25,111.0,1
SPECTRA MEDICAL DEVICES LLC,1,1,0,0.0,2026-06-10,2026-06-10,29.0,1
SPIRIT PHARMACEUTICALS,1,1,0,0.0,2021-08-25,2021-08-25,70.0,1
STANLEY SPECIALTY PHARMACY COMPOUNDING AND WELLNESS CENTER,1,1,0,0.0,2021-02-17,2021-02-17,27.0,1
STASKA PHARMACEUTICALS INC,1,1,1,100.0,2024-11-13,2024-11-13,44.0,1
STASON PHARMACEUTICALS INC,1,1,0,0.0,2024-03-13,2024-03-13,33.0,1
STOP CLOPEZ CORP,1,1,1,100.0,2024-05-22,2024-05-22,30.0,1
STUFFBYNAINAX,1,1,1,100.0,2026-03-11,2026-03-11,86.0,1
SUGARMDS LLC,1,1,1,100.0,2023-12-13,2023-12-13,35.0,1
SUN PHARMA TARO,1,1,0,0.0,2025-12-24,2025-12-24,15.0,1
SUN PHARMACEUTICAL INDUSTRIES LTD,1,1,0,0.0,2023-05-03,2023-05-03,14.0,1
SUNSTAR AMERICAS INC,1,1,0,0.0,2021-01-20,2021-01-20,23.0,1
SUPER CHILL PRODUCTS,1,1,1,100.0,2024-03-27,2024-03-27,51.0,1
SUPERIOR GLOVE WORKS LTD,1,1,0,0.0,2022-09-21,2022-09-21,20.0,1
SV LABS PRESCOTT CORPORATION,1,1,0,0.0,2025-10-22,2025-10-22,27.0,1
TAIZHOU KANGPING MEDICAL SCIENCE AND TECHNOLOGY CO LTD,1,1,0,0.0,2025-08-27,2025-08-27,36.0,1
TARO PHARMACEUTICALS INC,1,1,0,0.0,2023-11-15,2023-11-15,9.0,1
TENN SOUTH DISTILLERY LLC DBA BIG MACHINE DISTILLERY,1,1,0,0.0,2023-07-19,2023-07-19,9.0,1
THE GENERAL HOSPITAL CORPORATION,1,1,0,0.0,2021-03-03,2021-03-03,14.0,1
THE W S BADGER COMPANY INC,1,1,0,0.0,2025-02-05,2025-02-05,19.0,1
TORCO RACE FUELS,1,1,0,0.0,2022-05-04,2022-05-04,13.0,1
TRIGEN LABORATORIES,1,1,0,0.0,2024-07-10,2024-07-10,23.0,1
TRINITY GOLD NUTRITION,1,1,0,0.0,2024-11-20,2024-11-20,14.0,1
TURBARE MANUFACTURING,1,1,0,0.0,2025-03-05,2025-03-05,15.0,1
UCB BIOSCIENCES INC,1,1,0,0.0,2026-05-27,2026-05-27,19.0,1
ULTRA SUPPLEMENT LLC,1,1,1,100.0,2022-08-10,2022-08-10,20.0,1
USV PRIVATE LIMITED,1,1,0,0.0,2025-10-29,2025-10-29,20.0,1
VALISA MFG LLC,1,1,1,100.0,2022-01-05,2022-01-05,30.0,1
VIVIER PHARMA INC,1,1,0,0.0,2024-10-02,2024-10-02,29.0,1
VIVUS INC,1,1,0,0.0,2023-07-19,2023-07-19,26.0,1
VOLT CANDY WHOLESALE CLUB,1,1,1,100.0,2023-03-08,2023-03-08,23.0,1
WALMART STORES,1,1,1,100.0,2022-03-23,2022-03-23,42.0,1
WATER JEL TECHNOLOGIES LLC,1,1,0,0.0,2026-05-06,2026-05-06,29.0,1
WELLNESS BIOSCIENCES,1,1,0,0.0,2023-05-03,2023-05-03,397.0,1
WISCONSIN PHARMACAL COMPANY,1,1,1,100.0,2026-05-27,2026-05-27,33.0,1
WOODBINE PRODUCTS CO INC,1,1,0,0.0,2022-10-12,2022-10-12,43.0,1
WORLD PERFUMES INC,1,1,0,0.0,2025-09-17,2025-09-17,216.0,1
WORLD SOURCE LLC,1,1,0,0.0,2021-06-23,2021-06-23,14.0,1
WUXI MEDICAL LNSTRUMENT FACTORY CO LTD,1,1,0,0.0,2025-03-05,2025-03-05,21.0,1
YAMTUN7,1,1,1,100.0,2021-07-21,2021-07-21,71.0,1
YANGZHOU YULOU PAPER PRODUCTS CO LTD,1,1,0,0.0,2025-10-01,2025-10-01,72.0,1
YOUR FAVORITE SHOP,1,1,1,100.0,2022-02-23,2022-02-23,15.0,1
ZEP INC,1,1,0,0.0,2026-06-17,2026-06-17,26.0,1
ZHEJIANG JINGWEI PHARMACEUTICAL CO LTD,1,1,0,0.0,2024-10-23,2024-10-23,42.0,1
ZYLA LIFE SCIENCES US INC,1,1,0,0.0,2023-11-15,2023-11-15,26.0,1
